,CD_21_06800_DP_CS,CD_21_06801_DP_CS,CD_21_06803_DP_CS,CD_21_06804_DP_CS,CD_21_06805_DP_CS,CD_21_06806_DP_CS,CD_21_06807_DP_CS,CD_21_06808_DP_CS,CD_21_06809_DP_CS,CD_21_06810_DP_CS,CD_21_06811_DP_CS,CD_21_06812_DP_CS,CD_21_10075_DP_CS,CD_21_10076_DP_CS,CD_21_10519_DP_CS,CD_21_10520_DP_CS,CD_21_10728_DP_CS,CD_21_11850_DP_CS,CD_21_11851_DP_CS,CD_21_11852_DP_CS,CD_21_11854_DP_CS,CD_21_11855_DP_CS,CD_21_12311_DP_CS,CD_21_16950_FP_D_JCN_1,CD_21_16951_FP_D_JCN_3,CD_22_18402_FP_D_JCN_1,CD_22_18403_FP_D_JCN_1,CD_22_18404_FP_D_JCN_1,CD_22_18405_FP_D_JCN_1
ALK,,,,,,SNV,,,SNV,,,,,,,,SNV,,,,,,,SNV,,,,,
APOBEC3B,,,,,,,,,DEL,,,,,,,,,,,,,,,,,,DEL,DEL,
ASXL1,,SNV,,,,,SNV,,,,,,,,SNV,,,,,,,,,,,,,,
CDK4,,,AMP,,,,,,,AMP,,,,,,,,,,,,,,AMP,,,,,
DOT1L,,,,DEL,,,,SNV,,,SNV,,,,,,,,,,,,,,,,,,
FANCA,SNV,,,,,,,,,,,,,,,,,,,,SNV,,,,,SNV,,,
FCGR2B,,,,,,,,AMP,,,,,,,,,,,,,,DEL,,,,,,,DEL
FGF4,,,,,,,,,,,,,,,,,,,,,DEL,,,DEL,DEL,,,,
FLCN,,,,,,AMP;SNV,,,,,,,,,,,,,,,,,,,AMP,,AMP,,
GLI2,,,,,,,,,,SNV,,,,,,,,,,,,,,,SNV,,SNV,,
IGF2R,,,,,SNV,SNV,,,,,SNV,,,,,,,,,,,,SNV,,,,,,
KMT2D,,,,,,,,,,,,,,,SNV,,,,SNV,SNV,SNV,,SNV,,,,,,
MDM2,,,AMP,,,,,AMP,,,,,,,,,,,,,DEL,,,AMP,,,,,
NCOR1,,,,,,AMP,,,,,,,SNV,,,,,,,,,,,,AMP,,,,
NF1,,,,,,,SNV,,,SNV,,,,,SNV,,,,,,,,,,,,SNV,,
NOTCH3,,SNV,SNV,,,SNV,SNV,,,SNV,,SNV,,,,,,,,,,,,,,,,,
PARP4,,,,,,,SNV,,,,,SNV,,,,,,,SNV,,,,,,,SNV,,,
PLCG1,,,,,SNV,,SNV,,,,,,,,,,SNV,,,,,,,,,,,,
PTEN,,DEL,,,,,,,,,,SNV,,,,DEL,SNV,SNV,,DEL,,DEL,DEL,,,,,,
SLX4,,,,,,,,,SNV,,,,,,,,,,SNV,,,,,SNV,,SNV,,,
TP53,,,,SNV,SNV,DEL,,,,SNV,,SNV,SNV,SNV,,SNV,,SNV,,,SNV,,SNV,,,,DEL,,
TP53BP1,,,,,,,,,SNV,,,,,SNV,,,,,,,,,,,,,SNV,,
